{
  "losses": [
    1.0693669319152832,
    1.6325916051864624,
    1.4187058210372925,
    0.6494830846786499,
    1.3156259059906006
  ],
  "metrics": {
    "both": {
      "optimistic": {
        "adjusted_arithmetic_mean_rank": 0.8235294117647058,
        "adjusted_arithmetic_mean_rank_index": 0.19999999999999996,
        "adjusted_geometric_mean_rank_index": 0.10775976086853678,
        "adjusted_hits_at_k": 1.0,
        "adjusted_inverse_harmonic_mean_rank": -0.08677321431064966,
        "arithmetic_mean_rank": 7.0,
        "count": 2.0,
        "geometric_mean_rank": 6.999999999999999,
        "harmonic_mean_rank": 7.0,
        "hits_at_1": 0.0,
        "hits_at_10": 1.0,
        "hits_at_3": 0.0,
        "hits_at_5": 0.0,
        "inverse_arithmetic_mean_rank": 0.14285714285714285,
        "inverse_geometric_mean_rank": 0.14285714285714288,
        "inverse_harmonic_mean_rank": 0.14285714285714285,
        "inverse_median_rank": 0.14285714285714285,
        "median_absolute_deviation": 0.0,
        "median_rank": 7.0,
        "standard_deviation": 0.0,
        "variance": 0.0,
        "z_arithmetic_mean_rank": 0.46017899330842216,
        "z_geometric_mean_rank": 0.20430947422074075,
        "z_hits_at_k": 1.0954451150103321,
        "z_inverse_harmonic_mean_rank": -0.4150610332988387
      },
      "pessimistic": {
        "adjusted_arithmetic_mean_rank": 0.8235294117647058,
        "adjusted_arithmetic_mean_rank_index": 0.19999999999999996,
        "adjusted_geometric_mean_rank_index": 0.10775976086853678,
        "adjusted_hits_at_k": 1.0,
        "adjusted_inverse_harmonic_mean_rank": -0.08677321431064966,
        "arithmetic_mean_rank": 7.0,
        "count": 2.0,
        "geometric_mean_rank": 6.999999999999999,
        "harmonic_mean_rank": 7.0,
        "hits_at_1": 0.0,
        "hits_at_10": 1.0,
        "hits_at_3": 0.0,
        "hits_at_5": 0.0,
        "inverse_arithmetic_mean_rank": 0.14285714285714285,
        "inverse_geometric_mean_rank": 0.14285714285714288,
        "inverse_harmonic_mean_rank": 0.14285714285714285,
        "inverse_median_rank": 0.14285714285714285,
        "median_absolute_deviation": 0.0,
        "median_rank": 7.0,
        "standard_deviation": 0.0,
        "variance": 0.0,
        "z_arithmetic_mean_rank": 0.46017899330842216,
        "z_geometric_mean_rank": 0.20430947422074075,
        "z_hits_at_k": 1.0954451150103321,
        "z_inverse_harmonic_mean_rank": -0.4150610332988387
      },
      "realistic": {
        "adjusted_arithmetic_mean_rank": 0.8235294117647058,
        "adjusted_arithmetic_mean_rank_index": 0.19999999999999996,
        "adjusted_geometric_mean_rank_index": 0.10775976086853656,
        "adjusted_hits_at_k": 1.0,
        "adjusted_inverse_harmonic_mean_rank": -0.08677320621355825,
        "arithmetic_mean_rank": 7.0,
        "count": 2.0,
        "geometric_mean_rank": 7.0,
        "harmonic_mean_rank": 6.999999687075629,
        "hits_at_1": 0.0,
        "hits_at_10": 1.0,
        "hits_at_3": 0.0,
        "hits_at_5": 0.0,
        "inverse_arithmetic_mean_rank": 0.1428571492433548,
        "inverse_geometric_mean_rank": 0.1428571492433548,
        "inverse_harmonic_mean_rank": 0.1428571492433548,
        "inverse_median_rank": 0.1428571492433548,
        "median_absolute_deviation": 0.0,
        "median_rank": 7.0,
        "standard_deviation": 0.0,
        "variance": 0.0,
        "z_arithmetic_mean_rank": 0.46017899330842216,
        "z_geometric_mean_rank": 0.20430947422074053,
        "z_hits_at_k": 1.0954451150103321,
        "z_inverse_harmonic_mean_rank": -0.41506099456814094
      }
    },
    "head": {
      "optimistic": {
        "adjusted_arithmetic_mean_rank": 0.8235294117647058,
        "adjusted_arithmetic_mean_rank_index": 0.19999999999999996,
        "adjusted_geometric_mean_rank_index": 0.19999999999999973,
        "adjusted_hits_at_k": 1.0,
        "adjusted_inverse_harmonic_mean_rank": -0.08677321431064966,
        "arithmetic_mean_rank": 7.0,
        "count": 1.0,
        "geometric_mean_rank": 6.999999999999999,
        "harmonic_mean_rank": 7.0,
        "hits_at_1": 0.0,
        "hits_at_10": 1.0,
        "hits_at_3": 0.0,
        "hits_at_5": 0.0,
        "inverse_arithmetic_mean_rank": 0.14285714285714285,
        "inverse_geometric_mean_rank": 0.14285714285714288,
        "inverse_harmonic_mean_rank": 0.14285714285714285,
        "inverse_median_rank": 0.14285714285714285,
        "median_absolute_deviation": 0.0,
        "median_rank": 7.0,
        "standard_deviation": 0.0,
        "variance": 0.0,
        "z_arithmetic_mean_rank": 0.32539568672798436,
        "z_geometric_mean_rank": 0.3253956867279837,
        "z_hits_at_k": 0.7745966692414834,
        "z_inverse_harmonic_mean_rank": -0.29349247125190414
      },
      "pessimistic": {
        "adjusted_arithmetic_mean_rank": 0.8235294117647058,
        "adjusted_arithmetic_mean_rank_index": 0.19999999999999996,
        "adjusted_geometric_mean_rank_index": 0.19999999999999973,
        "adjusted_hits_at_k": 1.0,
        "adjusted_inverse_harmonic_mean_rank": -0.08677321431064966,
        "arithmetic_mean_rank": 7.0,
        "count": 1.0,
        "geometric_mean_rank": 6.999999999999999,
        "harmonic_mean_rank": 7.0,
        "hits_at_1": 0.0,
        "hits_at_10": 1.0,
        "hits_at_3": 0.0,
        "hits_at_5": 0.0,
        "inverse_arithmetic_mean_rank": 0.14285714285714285,
        "inverse_geometric_mean_rank": 0.14285714285714288,
        "inverse_harmonic_mean_rank": 0.14285714285714285,
        "inverse_median_rank": 0.14285714285714285,
        "median_absolute_deviation": 0.0,
        "median_rank": 7.0,
        "standard_deviation": 0.0,
        "variance": 0.0,
        "z_arithmetic_mean_rank": 0.32539568672798436,
        "z_geometric_mean_rank": 0.3253956867279837,
        "z_hits_at_k": 0.7745966692414834,
        "z_inverse_harmonic_mean_rank": -0.29349247125190414
      },
      "realistic": {
        "adjusted_arithmetic_mean_rank": 0.8235294117647058,
        "adjusted_arithmetic_mean_rank_index": 0.19999999999999996,
        "adjusted_geometric_mean_rank_index": 0.19999999999999962,
        "adjusted_hits_at_k": 1.0,
        "adjusted_inverse_harmonic_mean_rank": -0.08677320621355825,
        "arithmetic_mean_rank": 7.0,
        "count": 1.0,
        "geometric_mean_rank": 7.0,
        "harmonic_mean_rank": 6.999999687075629,
        "hits_at_1": 0.0,
        "hits_at_10": 1.0,
        "hits_at_3": 0.0,
        "hits_at_5": 0.0,
        "inverse_arithmetic_mean_rank": 0.1428571492433548,
        "inverse_geometric_mean_rank": 0.1428571492433548,
        "inverse_harmonic_mean_rank": 0.1428571492433548,
        "inverse_median_rank": 0.1428571492433548,
        "median_absolute_deviation": 0.0,
        "median_rank": 7.0,
        "standard_deviation": 0.0,
        "variance": 0.0,
        "z_arithmetic_mean_rank": 0.32539568672798436,
        "z_geometric_mean_rank": 0.3253956867279837,
        "z_hits_at_k": 0.7745966692414834,
        "z_inverse_harmonic_mean_rank": -0.29349244386516504
      }
    },
    "tail": {
      "optimistic": {
        "adjusted_arithmetic_mean_rank": 0.8235294117647058,
        "adjusted_arithmetic_mean_rank_index": 0.19999999999999996,
        "adjusted_geometric_mean_rank_index": 0.19999999999999973,
        "adjusted_hits_at_k": 1.0,
        "adjusted_inverse_harmonic_mean_rank": -0.08677321431064966,
        "arithmetic_mean_rank": 7.0,
        "count": 1.0,
        "geometric_mean_rank": 6.999999999999999,
        "harmonic_mean_rank": 7.0,
        "hits_at_1": 0.0,
        "hits_at_10": 1.0,
        "hits_at_3": 0.0,
        "hits_at_5": 0.0,
        "inverse_arithmetic_mean_rank": 0.14285714285714285,
        "inverse_geometric_mean_rank": 0.14285714285714288,
        "inverse_harmonic_mean_rank": 0.14285714285714285,
        "inverse_median_rank": 0.14285714285714285,
        "median_absolute_deviation": 0.0,
        "median_rank": 7.0,